1,Mã Sinh viên,Mã todo đã tồn tại
2,PH4924944,Mã todo đã tồn tại
3,PH43511,Mã todo đã tồn tại
4,PH43512,Mã todo đã tồn tại
5,PH43513,Mã todo đã tồn tại
6,PH43514,Mã todo đã tồn tại
7,Mã Sinh viên,Mã todo đã tồn tại
8,PH4924944,Mã todo đã tồn tại
9,PH43511,Mã todo đã tồn tại
10,PH43512,Mã todo đã tồn tại
11,PH43513,Mã todo đã tồn tại
12,PH43514,Mã todo đã tồn tại
13,Mã Sinh viên,Mã todo đã tồn tại
14,PH4924944,Mã todo đã tồn tại
15,PH43511,Mã todo đã tồn tại
16,PH43512,Mã todo đã tồn tại
17,PH43513,Mã todo đã tồn tại
18,PH43514,Mã todo đã tồn tại
1,CV01,Mã todo đã tồn tại
2,CV02,Mã todo đã tồn tại
3,CV03,Mã todo đã tồn tại
4,CV04,Mã todo đã tồn tại
